term,estimate,std.error,statistic,p.value,sig
(Intercept),5.87721,0.838555,7.00874,0.00000000000456745,***
coach_visit,0.366242,0.372471,0.983276,0.325723,NA
therapy_visit,-1.01865,0.514802,-1.97872,0.0481375,*
digital_visit,-0.50401,0.237075,-2.12595,0.0337661,*
