age_grouped,mean
18_24,-0.923077
25_34,-1.29444
35_44,-1.09574
45_54,-0.417647
55_64,-0.397959
65 or older,-0.530488
