term,df,sumsq,meansq,statistic,p.value,sig
age_grouped,5,128.242,25.6484,0.924311,0.464311,NA
gender,3,111.524,37.1745,1.33969,0.260109,NA
education,2,324.307,162.153,5.84365,0.00300538,**
race,6,2485.21,414.202,14.9269,0.000000000000000236212,***
Residuals,933,25889.5,27.7486,NA,NA,NA
